{
  "video_path": "data/sample_videos/pushup_analyze_bad_2.mp4",
  "mode": "lateral",
  "mean": 165.22884095753614,
  "std": 15.549728989012925,
  "min": 105.20806126206134,
  "max": 179.83396733638912,
  "amplitude": 74.62590607432779,
  "reps": 1,
  "classificacao": "Ruim",
  "angle_list": [
    167.8458456289868,
    172.9013448061209,
    176.81971684115405,
    177.89580655720826,
    179.06639933035336,
    177.31386191996,
    176.41802276860992,
    175.36723679425813,
    174.65966813740562,
    174.88318408033234,
    175.45711573103642,
    174.99476531709024,
    174.417520494711,
    173.70545285764254,
    173.43658962038424,
    173.30917441877853,
    173.4475867324634,
    173.51603376559612,
    173.16130393787333,
    173.27535233845313,
    174.65777352838754,
    176.9140676652298,
    179.31593142149288,
    177.32952004780174,
    172.67537061174875,
    168.4524459436133,
    165.77101493008658,
    164.1760243934241,
    163.65672033691246,
    162.93329681925354
  ]
}