{
  "video_path": "data\\sample_videos\\clideo_editor_643e92a0fb8348fc8a4706cccc945c63.mp4",
  "mode": "lateral",
  "mean": 165.38445372086116,
  "std": 25.418672234935386,
  "min": 2.4495621156753766,
  "max": 179.98749869534268,
  "amplitude": 177.5379365796673,
  "reps": 9,
  "classificacao": "Ruim",
  "angle_list": [
    170.64818640514508,
    175.31921679032794,
    179.114265404025,
    174.1186532399962,
    179.795270766658,
    179.22719363363746,
    176.22538120939075,
    179.75105801567486,
    178.520765407611,
    179.51716860120203,
    179.1789752290079,
    179.49129450786322,
    179.71593994906505,
    177.85052956253926,
    175.57670133413313,
    178.38018976762353,
    179.65133532286066,
    177.6697842098785,
    171.37027879495767,
    166.14930944286561,
    166.15379605709938,
    168.9271157082016,
    171.67850366970762,
    173.2350013770466,
    174.30040518208835,
    171.71005218702754,
    173.75781981951332,
    174.37952450442438,
    175.17224575453136,
    178.85583026020785
  ]
}